{
  "implementation": "hmmlearn.hmm.GMMHMM",
  "selected_k": 7,
  "forced_k": 7,
  "n_mix": 1,
  "covariance_type": "diag",
  "selection_rule": "lowest BIC among K with every daytime state ratio >= min_regime_ratio; falls back to global lowest BIC if none are stable",
  "min_regime_ratio": 0.05,
  "feature_columns": [
    "Active_Pow",
    "Radiation_Global_Tilted",
    "Radiation_Diffuse_Tilted",
    "Weather_T",
    "Weather_R",
    "solar_elevation",
    "sin_time_of_day",
    "cos_time_of_day",
    "sin_day_of_year",
    "cos_day_of_year"
  ],
  "day_column": "day_night_label",
  "night_regime": 0,
  "daytime_regime_range": [
    1,
    7
  ],
  "seed": 42,
  "expected_delta": "0 days 00:05:00",
  "train_rows": 500601,
  "train_daytime_rows": 228803,
  "train_daytime_segments": 1737,
  "scaler": {
    "mean": [
      4.393374333240344,
      611.5112110409619,
      117.42387245510355,
      25.374555822936426,
      27.018929058497257,
      39.42571482808368,
      -0.0980266556322205,
      -0.6672018527331475,
      -0.04157226511745192,
      0.018403561647740988
    ],
    "scale": [
      2.303032045598947,
      348.0064811218431,
      103.50584286641828,
      9.857050915085216,
      19.22986559035573,
      20.38079319037685,
      0.6749655954408029,
      0.2994226235044039,
      0.7169713539138,
      0.6956185257443153
    ],
    "var": [
      5.303956603055669,
      121108.51090280771,
      10713.459507487672,
      97.1614527425823,
      369.7877306231473,
      415.3767310689113,
      0.4555785550287576,
      0.08965390746626002,
      0.5140479223329874,
      0.4838851333586946
    ]
  },
  "selected_model": {
    "n_components": 7,
    "n_mix": 1,
    "log_likelihood": -1842028.9722975974,
    "aic": 3684433.944595195,
    "bic": 3686377.9805254494,
    "n_parameters": 188,
    "min_regime_ratio": 0.09423827484779483,
    "stable": true,
    "converged": true,
    "n_iter": 100,
    "regime_ratios": "{\"state_1\": 0.14166335231618465, \"state_2\": 0.12019947290900906, \"state_3\": 0.1646394496575657, \"state_4\": 0.16417616901876286, \"state_5\": 0.09423827484779483, \"state_6\": 0.16486234883283873, \"state_7\": 0.15022093241784418}",
    "transition_matrix": "[[0.9475585531008686, 6.433049037737675e-65, 0.02208389699226454, 0.0, 0.0, 0.03035754990686685, 0.0], [0.0, 0.9737031845273162, 0.00521365597655239, 0.004878360998194072, 7.717976953058742e-60, 0.01620479849793736, 0.0], [1.1205035715978078e-18, 0.00836398803908031, 0.9594493184813963, 0.0015331812797061803, 0.008642833988018229, 0.006278825340393235, 0.015731852871405865], [0.0, 0.00032760961641588435, 0.0031699252685012252, 0.9752176621422357, 0.00676550261326935, 0.014519300359577934, 0.0], [0.0, 1.7932348058779124e-74, 0.01933752582434435, 0.009695607067014113, 0.9709668671086414, 1.1113596307041743e-40, 0.0], [1.469701931620959e-252, 0.010465353817681199, 0.0037621212770313083, 0.014256393502510307, 0.0010864359097287044, 0.941257008446632, 0.029172687046416533], [0.0, 0.0, 1.1901114754591648e-22, 0.0, 0.0, 1.833814069815082e-140, 1.0]]"
  },
  "regime_names": {
    "0": "night",
    "1": "morning_evening_transition",
    "2": "moderate_output_mixed_weather",
    "3": "cloudy_diffuse_disturbance",
    "4": "sunny_stable_high_output",
    "5": "humid_variable_output",
    "6": "clear_midday_output",
    "7": "low_sun_angle_variable"
  }
}