{
  "implementation": "hmmlearn.hmm.GMMHMM",
  "selected_k": 9,
  "forced_k": null,
  "n_mix": 1,
  "covariance_type": "diag",
  "selection_rule": "lowest BIC among K with every daytime state ratio >= min_regime_ratio; falls back to global lowest BIC if none are stable",
  "min_regime_ratio": 0.05,
  "feature_columns": [
    "Active_Pow",
    "Radiation_Global_Tilted",
    "Radiation_Diffuse_Tilted",
    "Weather_T",
    "Weather_R",
    "solar_elevation",
    "sin_time_of_day",
    "cos_time_of_day",
    "sin_day_of_year",
    "cos_day_of_year"
  ],
  "day_column": "day_night_label",
  "night_regime": 0,
  "daytime_regime_range": [
    1,
    9
  ],
  "seed": 42,
  "expected_delta": "0 days 00:05:00",
  "train_rows": 500601,
  "train_daytime_rows": 228803,
  "train_daytime_segments": 1737,
  "scaler": {
    "mean": [
      4.393374333240344,
      611.5112110409619,
      117.42387245510355,
      25.374555822936426,
      27.018929058497257,
      39.42571482808368,
      -0.0980266556322205,
      -0.6672018527331475,
      -0.04157226511745192,
      0.018403561647740988
    ],
    "scale": [
      2.303032045598947,
      348.0064811218431,
      103.50584286641828,
      9.857050915085216,
      19.22986559035573,
      20.38079319037685,
      0.6749655954408029,
      0.2994226235044039,
      0.7169713539138,
      0.6956185257443153
    ],
    "var": [
      5.303956603055669,
      121108.51090280771,
      10713.459507487672,
      97.1614527425823,
      369.7877306231473,
      415.3767310689113,
      0.4555785550287576,
      0.08965390746626002,
      0.5140479223329874,
      0.4838851333586946
    ]
  },
  "selected_model": {
    "n_components": 9,
    "n_mix": 1,
    "log_likelihood": -1821009.0704378225,
    "aic": 3642538.140875645,
    "bic": 3645226.7012047204,
    "n_parameters": 260,
    "min_regime_ratio": 0.07393259703762625,
    "stable": true,
    "converged": true,
    "n_iter": 100,
    "regime_ratios": "{\"state_1\": 0.18012875705301068, \"state_2\": 0.11908060646057962, \"state_3\": 0.14130059483485793, \"state_4\": 0.07393259703762625, \"state_5\": 0.07821575766052019, \"state_6\": 0.07497716376096467, \"state_7\": 0.16779500268790182, \"state_8\": 0.07816331079575005, \"state_9\": 0.08640620970878879}",
    "transition_matrix": "[[0.968966053955943, 0.0, 0.010095408255687627, 8.665805775652055e-294, 0.0038420354497679947, 1.4778281987032793e-88, 0.017096502338601362, 8.86033600699064e-78, 0.0], [0.028383650706038106, 0.9473634114849371, 0.0, 0.004290070477260668, 0.0052492909190404065, 1.029843760558849e-05, 0.0, 0.01462865324315826, 7.462473195985295e-05], [0.009032245638257809, 0.0, 0.9702703225810325, 0.0, 0.0036723883845878897, 2.0845230912765176e-12, 0.0, 0.017025043394037216, 0.0], [0.0, 0.003137282746180655, 0.0, 0.9423202450197788, 0.019896679671346715, 0.015430259459180832, 0.012272030823626568, 0.0007778229870398078, 0.006165679292846654], [0.011826335304311472, 1.175769875873794e-55, 0.005028460307049512, 0.015867292750939416, 0.9577712134629308, 0.001714730414287529, 0.0077919669055118365, 8.549694665579685e-10, 0.0], [1.6874658006227205e-139, 6.759693787285998e-05, 1.5723280206601773e-08, 0.013630161645481484, 6.318091975769703e-19, 0.018363924432395592, 6.04870867699753e-06, 0.9679322525522926, 0.0], [0.0, 0.0, 0.0, 4.937262380088295e-05, 0.0, 1.2175140204458568e-276, 0.978346189211817, 5.678946385610248e-277, 0.02160443816438196], [1.5163685227409184e-132, 4.1336677451526854e-30, 0.02533117736017714, 7.749920473209813e-08, 3.317783480455065e-20, 0.8934847136228754, 0.030624309194414792, 0.05055972232332788, 0.0], [0.0, 0.07330452062841845, 0.0, 0.018154585210311627, 0.0, 0.0, 0.00015107336852138989, 0.0, 0.9083898207927487]]"
  },
  "regime_names": {
    "0": "night",
    "1": "moderate_output_mixed_weather",
    "2": "humid_variable_output",
    "3": "sunny_stable_high_output",
    "4": "cloudy_diffuse_disturbance",
    "5": "clear_midday_output",
    "6": "low_sun_angle_variable",
    "7": "seasonal_high_output",
    "8": "seasonal_low_output",
    "9": "morning_evening_transition"
  }
}